<?xml version="1.0" encoding="UTF-8"?>
<GenRun Id="impl_1" LaunchPart="xc7z020clg484-1" LaunchTime="1638109797">
  <File Type="ROUTE-BUS-SKEW" Name="carry_select_bus_skew_routed.rpt"/>
  <File Type="PA-DCP" Name="carry_select.dcp"/>
  <File Type="OPT-HWDEF" Name="carry_select.hwdef"/>
  <File Type="ROUTE-PWR" Name="carry_select_power_routed.rpt"/>
  <File Type="PA-TCL" Name="carry_select.tcl"/>
  <File Type="BITSTR-BMM" Name="carry_select_bd.bmm"/>
  <File Type="OPT-DCP" Name="carry_select_opt.dcp"/>
  <File Type="REPORTS-TCL" Name="carry_select_reports.tcl"/>
  <File Type="ROUTE-PWR-SUM" Name="carry_select_power_summary_routed.pb"/>
  <File Type="OPT-DRC" Name="carry_select_drc_opted.rpt"/>
  <File Type="PWROPT-DCP" Name="carry_select_pwropt.dcp"/>
  <File Type="PLACE-DCP" Name="carry_select_placed.dcp"/>
  <File Type="PLACE-IO" Name="carry_select_io_placed.rpt"/>
  <File Type="PLACE-UTIL" Name="carry_select_utilization_placed.rpt"/>
  <File Type="PLACE-UTIL-PB" Name="carry_select_utilization_placed.pb"/>
  <File Type="PLACE-CTRL" Name="carry_select_control_sets_placed.rpt"/>
  <File Type="PLACE-PRE-SIMILARITY" Name="carry_select_incremental_reuse_pre_placed.rpt"/>
  <File Type="POSTPLACE-PWROPT-DCP" Name="carry_select_postplace_pwropt.dcp"/>
  <File Type="BG-BIN" Name="carry_select.bin"/>
  <File Type="PHYSOPT-DCP" Name="carry_select_physopt.dcp"/>
  <File Type="BITSTR-MSK" Name="carry_select.msk"/>
  <File Type="ROUTE-ERROR-DCP" Name="carry_select_routed_error.dcp"/>
  <File Type="ROUTE-DCP" Name="carry_select_routed.dcp"/>
  <File Type="ROUTE-BLACKBOX-DCP" Name="carry_select_routed_bb.dcp"/>
  <File Type="ROUTE-DRC" Name="carry_select_drc_routed.rpt"/>
  <File Type="ROUTE-DRC-PB" Name="carry_select_drc_routed.pb"/>
  <File Type="ROUTE-DRC-RPX" Name="carry_select_drc_routed.rpx"/>
  <File Type="BITSTR-LTX" Name="carry_select.ltx"/>
  <File Type="ROUTE-METHODOLOGY-DRC" Name="carry_select_methodology_drc_routed.rpt"/>
  <File Type="BITSTR-MMI" Name="carry_select.mmi"/>
  <File Type="ROUTE-METHODOLOGY-DRC-RPX" Name="carry_select_methodology_drc_routed.rpx"/>
  <File Type="ROUTE-METHODOLOGY-DRC-PB" Name="carry_select_methodology_drc_routed.pb"/>
  <File Type="BITSTR-SYSDEF" Name="carry_select.sysdef"/>
  <File Type="ROUTE-PWR-RPX" Name="carry_select_power_routed.rpx"/>
  <File Type="ROUTE-STATUS" Name="carry_select_route_status.rpt"/>
  <File Type="ROUTE-STATUS-PB" Name="carry_select_route_status.pb"/>
  <File Type="ROUTE-TIMINGSUMMARY" Name="carry_select_timing_summary_routed.rpt"/>
  <File Type="ROUTE-TIMING-PB" Name="carry_select_timing_summary_routed.pb"/>
  <File Type="ROUTE-TIMING-RPX" Name="carry_select_timing_summary_routed.rpx"/>
  <File Type="ROUTE-CLK" Name="carry_select_clock_utilization_routed.rpt"/>
  <File Type="ROUTE-BUS-SKEW-PB" Name="carry_select_bus_skew_routed.pb"/>
  <File Type="ROUTE-BUS-SKEW-RPX" Name="carry_select_bus_skew_routed.rpx"/>
  <File Type="POSTROUTE-PHYSOPT-DCP" Name="carry_select_postroute_physopt.dcp"/>
  <File Type="POSTROUTE-PHYSOPT-BLACKBOX-DCP" Name="carry_select_postroute_physopt_bb.dcp"/>
  <File Type="BG-BIT" Name="carry_select.bit"/>
  <File Type="BITSTR-RBT" Name="carry_select.rbt"/>
  <File Type="BITSTR-NKY" Name="carry_select.nky"/>
  <File Type="BG-BGN" Name="carry_select.bgn"/>
  <File Type="BG-DRC" Name="carry_select.drc"/>
  <File Type="RDI-RDI" Name="carry_select.vdi"/>
  <File Type="WBT-USG" Name="usage_statistics_webtalk.html"/>
  <FileSet Name="sources" Type="DesignSrcs" RelSrcDir="$PSRCDIR/sources_1">
    <Filter Type="Srcs"/>
    <File Path="$PSRCDIR/sources_1/new/RC4.vhd">
      <FileInfo>
        <Attr Name="ImportPath" Val="$PPRDIR/../../../../../../../../Desktop/Elettronica digitale/vivado/progetto_Bertolino_1/progetto_Bertolino_1.srcs/sources_1/new/RC4.vhd"/>
        <Attr Name="ImportTime" Val="1637873258"/>
        <Attr Name="UsedIn" Val="synthesis"/>
        <Attr Name="UsedIn" Val="simulation"/>
      </FileInfo>
    </File>
    <File Path="$PSRCDIR/sources_1/new/full_adder.vhd">
      <FileInfo>
        <Attr Name="ImportPath" Val="$PPRDIR/../../../../../../../../Desktop/Elettronica digitale/vivado/progetto_Bertolino_1/progetto_Bertolino_1.srcs/sources_1/new/full_adder.vhd"/>
        <Attr Name="ImportTime" Val="1637698341"/>
        <Attr Name="UsedIn" Val="synthesis"/>
        <Attr Name="UsedIn" Val="simulation"/>
      </FileInfo>
    </File>
    <File Path="$PSRCDIR/sources_1/new/mux.vhd">
      <FileInfo>
        <Attr Name="ImportPath" Val="$PPRDIR/../../../../../../../../Desktop/Elettronica digitale/vivado/progetto_Bertolino_1/progetto_Bertolino_1.srcs/sources_1/new/mux.vhd"/>
        <Attr Name="ImportTime" Val="1637517938"/>
        <Attr Name="UsedIn" Val="synthesis"/>
        <Attr Name="UsedIn" Val="simulation"/>
      </FileInfo>
    </File>
    <File Path="$PSRCDIR/sources_1/new/carry_select.vhd">
      <FileInfo>
        <Attr Name="ImportPath" Val="$PPRDIR/../../../../../../../../Desktop/Elettronica digitale/vivado/progetto_Bertolino_1/progetto_Bertolino_1.srcs/sources_1/new/carry_select.vhd"/>
        <Attr Name="ImportTime" Val="1638395779"/>
        <Attr Name="UsedIn" Val="synthesis"/>
        <Attr Name="UsedIn" Val="simulation"/>
      </FileInfo>
    </File>
    <Config>
      <Option Name="DesignMode" Val="RTL"/>
      <Option Name="TopModule" Val="carry_select"/>
    </Config>
  </FileSet>
  <FileSet Name="constrs_in" Type="Constrs" RelSrcDir="$PSRCDIR/constrs_1">
    <Filter Type="Constrs"/>
    <Config>
      <Option Name="ConstrsType" Val="XDC"/>
    </Config>
  </FileSet>
  <FileSet Name="utils" Type="Utils" RelSrcDir="$PSRCDIR/utils_1">
    <Filter Type="Utils"/>
    <Config>
      <Option Name="TopAutoSet" Val="TRUE"/>
    </Config>
  </FileSet>
  <Strategy Version="1" Minor="2">
    <StratHandle Name="Vivado Implementation Defaults" Flow="Vivado Implementation 2018"/>
    <Step Id="init_design"/>
    <Step Id="opt_design"/>
    <Step Id="power_opt_design"/>
    <Step Id="place_design"/>
    <Step Id="post_place_power_opt_design"/>
    <Step Id="phys_opt_design"/>
    <Step Id="route_design"/>
    <Step Id="post_route_phys_opt_design"/>
    <Step Id="write_bitstream"/>
  </Strategy>
</GenRun>
