<?xml version="1.0" encoding="UTF-8"?>
<GenRun Id="synth_1" LaunchPart="xc7z020clg484-1" LaunchTime="1638108678">
  <File Type="PA-TCL" Name="carry_select.tcl"/>
  <File Type="REPORTS-TCL" Name="carry_select_reports.tcl"/>
  <File Type="RDS-RDS" Name="carry_select.vds"/>
  <File Type="RDS-UTIL" Name="carry_select_utilization_synth.rpt"/>
  <File Type="RDS-UTIL-PB" Name="carry_select_utilization_synth.pb"/>
  <File Type="RDS-DCP" Name="carry_select.dcp"/>
  <FileSet Name="sources" Type="DesignSrcs" RelSrcDir="$PSRCDIR/sources_1">
    <Filter Type="Srcs"/>
    <File Path="$PSRCDIR/sources_1/new/RC4.vhd">
      <FileInfo>
        <Attr Name="ImportPath" Val="$PPRDIR/../../../../../../../../Desktop/Elettronica digitale/vivado/progetto_Bertolino_1/progetto_Bertolino_1.srcs/sources_1/new/RC4.vhd"/>
        <Attr Name="ImportTime" Val="1637873258"/>
        <Attr Name="UsedIn" Val="synthesis"/>
        <Attr Name="UsedIn" Val="simulation"/>
      </FileInfo>
    </File>
    <File Path="$PSRCDIR/sources_1/new/full_adder.vhd">
      <FileInfo>
        <Attr Name="ImportPath" Val="$PPRDIR/../../../../../../../../Desktop/Elettronica digitale/vivado/progetto_Bertolino_1/progetto_Bertolino_1.srcs/sources_1/new/full_adder.vhd"/>
        <Attr Name="ImportTime" Val="1637698341"/>
        <Attr Name="UsedIn" Val="synthesis"/>
        <Attr Name="UsedIn" Val="simulation"/>
      </FileInfo>
    </File>
    <File Path="$PSRCDIR/sources_1/new/mux.vhd">
      <FileInfo>
        <Attr Name="ImportPath" Val="$PPRDIR/../../../../../../../../Desktop/Elettronica digitale/vivado/progetto_Bertolino_1/progetto_Bertolino_1.srcs/sources_1/new/mux.vhd"/>
        <Attr Name="ImportTime" Val="1637517938"/>
        <Attr Name="UsedIn" Val="synthesis"/>
        <Attr Name="UsedIn" Val="simulation"/>
      </FileInfo>
    </File>
    <File Path="$PSRCDIR/sources_1/new/carry_select.vhd">
      <FileInfo>
        <Attr Name="ImportPath" Val="$PPRDIR/../../../../../../../../Desktop/Elettronica digitale/vivado/progetto_Bertolino_1/progetto_Bertolino_1.srcs/sources_1/new/carry_select.vhd"/>
        <Attr Name="ImportTime" Val="1638395779"/>
        <Attr Name="UsedIn" Val="synthesis"/>
        <Attr Name="UsedIn" Val="simulation"/>
      </FileInfo>
    </File>
    <Config>
      <Option Name="DesignMode" Val="RTL"/>
      <Option Name="TopModule" Val="carry_select"/>
    </Config>
  </FileSet>
  <FileSet Name="constrs_in" Type="Constrs" RelSrcDir="$PSRCDIR/constrs_1">
    <Filter Type="Constrs"/>
    <Config>
      <Option Name="ConstrsType" Val="XDC"/>
    </Config>
  </FileSet>
  <FileSet Name="utils" Type="Utils" RelSrcDir="$PSRCDIR/utils_1">
    <Filter Type="Utils"/>
    <Config>
      <Option Name="TopAutoSet" Val="TRUE"/>
    </Config>
  </FileSet>
  <Strategy Version="1" Minor="2">
    <StratHandle Name="Vivado Synthesis Defaults" Flow="Vivado Synthesis 2018"/>
    <Step Id="synth_design"/>
  </Strategy>
</GenRun>
